{
  "type": "bv:flatvillage",
  "generator": {
    "type": "minecraft:flat",
    "settings": {
      "biome": "minecraft:plains",
      "features": true,
      "layers": [{
          "block": "minecraft:bedrock",
          "height": 1
        },
        {
          "block": "minecraft:stone",
          "height": 25
        },
        {
          "block": "minecraft:dirt",
          "height": 5
        },        
        {
          "block": "minecraft:grass_block",
          "height": 1
        }
        ],
      "structures": {
        "structures": {
          "minecraft:village": {
            "spacing": 5,
            "separation": 4,
            "salt": 0
          }
        }
      }
    }
  }
}