{
  "config": {
    "feature": {
      "config": {
        "feature": {
          "config": {
            "feature": {
              "type": "minecraft:block_pile",
              "config": {
                "state_provider": {
                  "type": "minecraft:simple_state_provider",
                  "state": {
                    "Name": "minecraft:glowstone"
                  }
                }
              }
            },
            "decorator": {
              "config": {
                "bottom_offset": 0,
                "top_offset": 0,
                "maximum": 128
              },
              "type": "minecraft:range"
            }
          },
          "type": "minecraft:decorated"
        },
        "decorator": {
          "config": {},
          "type": "minecraft:square"
        }
      },
      "type": "minecraft:decorated"
    },
    "decorator": {
      "config": {
        "count": 15
      },
      "type": "minecraft:count"
    }
  },
  "type": "minecraft:decorated"
}