{
  "type": "minecraft:overworld",
  "generator": {
    "biome_source": {
      "type": "minecraft:multi_noise",
      "seed": -334761675,
      "altitude_noise": {
        "firstOctave": -7,
        "amplitudes": [
          1,
          1
        ]
      },
      "temperature_noise": {
        "firstOctave": -7,
        "amplitudes": [
          1,
          1
        ]
      },
      "humidity_noise": {
        "firstOctave": -7,
        "amplitudes": [
          1,
          1
        ]
      },
      "weirdness_noise": {
        "firstOctave": -7,
        "amplitudes": [
          1,
          1
        ]
      },
      "biomes": [
        {
          "biome": "minecraft:desert",
          "parameters": {
            "altitude": 0,
            "temperature": -0.1,
            "humidity": 0,
            "weirdness": 0,
            "offset": 0
          }
        },
        {
          "biome": "minecraft:badlands",
          "parameters": {
            "altitude": 0,
            "temperature": 0.1,
            "humidity": 0,
            "weirdness": 0,
            "offset": 0
          }
        }
      ]
    },
    "seed": 0,
    "settings": "bv:sandland",
    "type": "minecraft:noise"
  }
}