{
  "config": {
    "feature": {
      "config": {
        "feature": {
          "config": {
            "target": {
              "tag": "minecraft:base_stone_overworld",
              "predicate_type": "minecraft:tag_match"
            },
            "state": {
              "Name": "minecraft:diamond_ore"
            },
            "size": 8
          },
          "type": "minecraft:ore"
        },
        "decorator": {
          "config": {
            "bottom_offset": 0,
            "top_offset": 0,
            "maximum": 255
          },
          "type": "minecraft:range"
        }
      },
      "type": "minecraft:decorated"
    },
    "decorator": {
      "config": {},
      "type": "minecraft:square"
    }
  },
  "type": "minecraft:decorated"
}