{
  "bedrock_roof_position": 0,
  "bedrock_floor_position": 0,
  "sea_level": 0,
  "disable_mob_generation": false,
  "structures": {
    "structures": {
      "minecraft:nether_fossil": {
        "spacing": 2,
        "separation": 1,
        "salt": 14357921
      }
    }
  },
  "noise": {
    "density_factor": 1.0,
    "density_offset": 2.0,
    "simplex_surface_noise": true,
    "bottom_slide": {
      "target": 0,
      "size": 0,
      "offset": 0
    },
    "size_horizontal": 1,
    "size_vertical": 2,
    "height": 256,
    "sampling": {
      "xz_scale": 1.0,
      "y_scale": 1.0,
      "xz_factor": 1.0,
      "y_factor": 1.0
    },
    "top_slide": {
      "target": 0,
      "size": 0,
      "offset": 0
    }
  },
  "default_block": {
    "Name": "minecraft:stone"
  },
  "default_fluid": {
    "Properties": {
      "level": "0"
    },
    "Name": "minecraft:lava"
  }
}